,Amount,Canton
0,101406253.92,AG
0,1379929642.3200002,BE
0,993269.0,BL
0,1123702854.15,BS
0,485980579.79999995,FR
0,1492375122.69,GE
0,16067118.0,GR
0,73327449.97,JU
0,115388825.13,LU
0,369807430.08,NE
0,172513441.21000004,SG
0,198808.0,SH
0,50587115.0,SO
0,778877.0,SZ
0,5004833.0,TG
0,106818608.64000002,TI
0,2049165910.0300004,VD
0,20404824.45,VS
0,1381650.0,ZG
0,3301482176.3100023,ZH
0,0.0,UR
0,0.0,OW
0,0.0,NW
0,0.0,GL
0,0.0,AR
0,0.0,AI
